{"cameraMode":{"drawMode":0,"name":"Shaded","section":"Shading Mode"},"sceneLighting":false,"audioPlay":false,"sceneViewState":{"showFog":true,"showMaterialUpdate":true,"showSkybox":false,"showFlares":true,"showImageEffects":true,"showParticleSystems":true},"in2DMode":false,"pivot":{"x":0.07731078565120697,"y":0.031422168016433719,"z":-0.0017805397510528565},"rotation":{"x":0.0023446197155863048,"y":0.9960029125213623,"z":-0.08686806261539459,"w":0.02541712298989296},"size":0.25265294313430788,"orthographic":true}