{"cameraMode":{"drawMode":0,"name":"Shaded","section":"Shading Mode"},"sceneLighting":false,"audioPlay":false,"sceneViewState":{"showFog":true,"showMaterialUpdate":true,"showSkybox":false,"showFlares":true,"showImageEffects":true,"showParticleSystems":true},"in2DMode":false,"pivot":{"x":318.760009765625,"y":271.19000244140627,"z":0.0},"rotation":{"x":-0.004846017807722092,"y":-0.994286060333252,"z":0.09364927560091019,"w":-0.05412187799811363},"size":9.013877868652344,"orthographic":true}