{"cameraMode":{"drawMode":0,"name":"Shaded","section":"Shading Mode"},"sceneLighting":false,"audioPlay":false,"sceneViewState":{"showFog":true,"showMaterialUpdate":true,"showSkybox":false,"showFlares":true,"showImageEffects":true,"showParticleSystems":true},"in2DMode":false,"pivot":{"x":-5.116409778594971,"y":7.538137435913086,"z":-29.104585647583009},"rotation":{"x":0.07664646953344345,"y":0.91233891248703,"z":-0.20119187235832215,"w":0.3495287001132965},"size":40.2520637512207,"orthographic":false}