{"cameraMode":{"drawMode":0,"name":"Shaded","section":"Shading Mode"},"sceneLighting":false,"audioPlay":false,"sceneViewState":{"showFog":true,"showMaterialUpdate":true,"showSkybox":false,"showFlares":true,"showImageEffects":true,"showParticleSystems":true},"in2DMode":false,"pivot":{"x":-0.07731078565120697,"y":0.031422168016433719,"z":-0.0017805397510528565},"rotation":{"x":-0.01716596633195877,"y":0.9823235273361206,"z":-0.14696888625621797,"w":-0.1154540479183197},"size":0.2442360371351242,"orthographic":true}