{"cameraMode":{"drawMode":0,"name":"Shaded","section":"Shading Mode"},"sceneLighting":true,"audioPlay":false,"sceneViewState":{"showFog":true,"showMaterialUpdate":true,"showSkybox":true,"showFlares":true,"showImageEffects":true,"showParticleSystems":true},"in2DMode":false,"pivot":{"x":13.008909225463868,"y":2.171078681945801,"z":2.971933126449585},"rotation":{"x":-0.00726516405120492,"y":0.7000666856765747,"z":-0.006731905974447727,"w":-0.7145260572433472},"size":3.2997071743011476,"orthographic":false}