{"cameraMode":{"drawMode":0,"name":"Shaded","section":"Shading Mode"},"sceneLighting":true,"audioPlay":false,"sceneViewState":{"m_AlwaysRefresh":true,"showFog":true,"showSkybox":true,"showFlares":true,"showImageEffects":true,"showParticleSystems":true,"showVisualEffectGraphs":true,"m_FxEnabled":true},"in2DMode":false,"pivot":{"x":13.059999465942383,"y":-0.1400003433227539,"z":4.300000190734863},"rotation":{"x":0.09314361214637757,"y":-0.1105237752199173,"z":0.011114584282040596,"w":0.9898889064788818},"size":16.94291877746582,"orthographic":true}